"Language","original","english","czech","german","russian","polish","italian","spanish","french","chinese","japanese","portuguese","chinesesimp",
"STR_CookZPlants_WheatSeedsPack_DN","Packed Wheat Seeds","Packed Wheat Seeds","Sáček pšeničných semínek","Weizensamenpäckchen","Пакет семян пшеницы","Saszetka z nasionami pszenicy","Bustina di semi di grano","Sobre de semillas de trigo","Sachet de graines de blé","小包小麦种子","小袋入りの小麦の種","Pacote de sementes de trigo","小包小麦种子",
"STR_CookZPlants_WheatSeedsPack_DS","A package of wheat seeds.","A package of wheat seeds.","Malý sáček s pšeničnými semeny.","Ein Päckchen mit Weizensamen.","Небольшой пакет с семенами пшеницы.","Mała paczka z nasionami pszenicy.","Una bustina di semi di grano.","Un sobre con semillas de trigo.","Un sachet contenant des graines de blé.","一小包小麦种子。","小麦の種が入った小袋です。","Um pacotinho de sementes de trigo.","一小包小麦种子。",
"STR_CookZPlants_WheatSeeds_DN","Wheat Seeds","Wheat Seeds","Pšeničná semínka","Weizensamen","Семена пшеницы","Nasiona pszenicy","Semi di grano","Semillas de trigo","Graines de blé","小麦种子","小麦の種","Sementes de trigo","小麦种子",
"STR_CookZPlants_WheatSeeds_DS","These seeds, if planted in the ground and given some loving care, will grow into wheat plants.","These seeds, if planted in the ground and given some loving care, will grow into wheat plants.","Tato semínka vyrostou v pšenici, pokud je zasadíte a dobře se o ně postaráte.","Diese Samen wachsen zu Weizenpflanzen heran, wenn sie mit Liebe gepflegt werden.","Эти семена вырастут в пшеницу, если посадить их в землю и ухаживать за ними с любовью.","Te nasiona, odpowiednio posadzone i pielęgnowane, wyrosną w pszenicę.","Questi semi, se piantati e curati con amore, cresceranno in piante di grano.","Estas semillas, si se plantan y se cuidan con cariño, crecerán en plantas de trigo.","Ces graines, plantées et bien entretenues, donneront des plants de blé.","如果播种并细心照料，这些种子会长成小麦。","これらの種は、丁寧に植えて世話をすれば、小麦に育ちます。","Essas sementes, se plantadas e cuidadas com carinho, crescerão em plantas de trigo.","如果播种并细心照料，这些种子会长成小麦。",
"STR_CookZPlants_PlantWheat_DN","Wheat Plant","Wheat Plant","Pšeničná rostlina","Weizenpflanze","Растение пшеницы","Roślina pszenicy","Pianta di grano","Planta de trigo","Plant de blé","小麦植株","小麦の植物","Planta de trigo","小麦植株",
"STR_CookZPlants_PlantWheat_DS","A tall, golden wheat plant. Harvest when ripe to start your journey toward homemade bread—or at least some nice flour.","A tall, golden wheat plant. Harvest when ripe to start your journey toward homemade bread—or at least some nice flour.","Vysoká, zlatá pšeničná rostlina. Sklízej ji, když dozraje – první krok k domácímu chlebu, nebo alespoň k mouce.","Eine hohe, goldene Weizenpflanze. Ernte sie im richtigen Moment – der erste Schritt zu hausgemachtem Brot oder zumindest etwas Mehl.","Высокое золотистое растение пшеницы. Убери урожай вовремя — и ты на пути к домашнему хлебу или хотя бы к муке.","Wysoka, złocista roślina pszenicy. Zbierz ją, gdy dojrzeje – pierwszy krok do domowego chleba, albo przynajmniej do mąki.","Una pianta di grano alta e dorata. Raccoglila quando è matura – il primo passo verso del pane fatto in casa o almeno un po' di farina.","Una alta planta de trigo dorado. Cosechala cuando esté madura: el primer paso hacia pan casero, o al menos un poco de harina.","Une grande plante de blé dorée. Récoltez-la bien mûre pour commencer votre aventure vers du pain maison – ou au moins de la bonne farine.","一株高大的金色小麦。成熟时收割，是通往自制面包（或至少做点面粉）的第一步。","背の高い金色の小麦の植物。よく熟したら収穫して、自家製パンへの第一歩を踏み出そう。あるいは、少なくとも少しの小麦粉に。","Uma alta planta de trigo dourada. Colha quando estiver madura para começar sua jornada rumo ao pão caseiro — ou pelo menos alguma boa farinha.","一株高大的金色小麦。成熟时收割，是通往自制面包（或至少做点面粉）的第一步。",
"STR_CookZPlants_WheatEars_DN","Wheat Ears","Wheat Ears","Pšeničné klasy","Weizenähren","Колосья пшеницы","Kłosy pszenicy","Spighe di grano","Espigas de trigo","Épis de blé","成熟的小麦穗","小麦の穂","Espigas de trigo","成熟的小麦穗",
"STR_CookZPlants_WheatEars_DS","Golden ears of ripe wheat, fresh from the harvest. Ready to be milled into flour—or saved for future planting if you're feeling responsible.","Golden ears of ripe wheat, fresh from the harvest. Ready to be milled into flour—or saved for future planting if you're feeling responsible.","Zlaté klasy zralé pšenice, čerstvě sklizené. Připravené na mletí mouky – nebo na další výsadbu, pokud se cítíš zodpovědně.","Goldene, reife Weizenähren – frisch geerntet. Ideal zum Mahlen zu Mehl… oder zum Aufheben für die nächste Aussaat, wenn du vorhast, vorbildlich zu sein.","Золотистые зрелые колосья, только что с поля. Можно смолоть в муку… или приберечь на посев, если ты сегодня на волне ответственности.","Złote, dojrzałe kłosy pszenicy, prosto z pola. Idealne do zmielenia na mąkę – albo do przechowania na następny siew, jeśli masz taki nastrój.","Spighe dorate di grano maturo, appena raccolte. Perfette da macinare in farina… o da conservare per la prossima semina, se ti senti diligente.","Espigas doradas de trigo maduro, recién cosechadas. Listas para moler en harina… o guardar para la próxima siembra, si te sientes responsable.","Des épis de blé dorés et mûrs, tout juste récoltés. Parfaits pour faire de la farine… ou à garder pour la prochaine plantation, si vous êtes d’humeur sérieuse.","金黄色成熟的小麦穗，刚刚收割。可以磨成面粉——或者存起来，下次种植时再用（如果你够负责的话）。","収穫したての黄金色の小麦の穂。粉に挽くもよし、次の栽培に備えて取っておくもよし（責任感があれば）。","Espigas douradas de trigo maduro, recém-colhidas. Prontas para virar farinha — ou para guardar e plantar depois, se estiver no clima certo.","金黄色成熟的小麦穗，刚刚收割。可以磨成面粉——或者存起来下次再种（如果你觉得自己够负责）。",
"STR_CookZPlants_MortarAndPestle_DN","Mortar and Pestle","Mortar and Pestle","Hmoždíř a tlouk","Mörser und Stößel","Ступка с пестиком","Moździerz z tłuczkiem","Mortaio e pestello","Mortero y mano","Mortier et pilon","研钵和研杵","すり鉢とすりこぎ","Pilão com almofariz","研钵和研杵",
"STR_CookZPlants_MortarAndPestle_DS","A well-worn mortar and pestle. Heavy, reliable, and perfect for when something needs to be ground down with care and a bit of elbow grease.","A well-worn mortar and pestle. Heavy, reliable, and perfect for when something needs to be ground down with care and a bit of elbow grease.","Obouchaný hmoždíř s tloukem. Těžký, spolehlivý a ideální, když je třeba něco rozmělnit s péčí – a trochou síly.","Ein gut genutzter Mörser mit Stößel. Schwer, verlässlich und perfekt, wenn etwas mit Sorgfalt (und ein wenig Muskelkraft) zerkleinert werden muss.","Проверенная ступка с пестиком. Тяжёлая, надёжная — идеально подходит, когда нужно что-то тщательно перетереть с усилием.","Wysłużony moździerz z tłuczkiem. Ciężki i niezawodny — idealny, gdy coś trzeba porządnie rozdrobnić z odrobiną staranności i siły.","Un mortaio consumato dal tempo. Pesante e affidabile, perfetto per quando serve macinare qualcosa con cura e un po’ di olio di gomito.","Un mortero bien usado. Pesado y fiable, perfecto para cuando hace falta triturar algo con cuidado y un poco de esfuerzo.","Un mortier bien usé. Lourd, fiable, et parfait pour broyer ce qu’il faut avec soin et un soupçon d’huile de coude.","用旧的研钵和研杵。沉重可靠，适合在需要细致研磨时施展点力气。","使い込まれたすり鉢とすりこぎ。重くて信頼できる、丁寧に、そしてちょっと力を込めてすり潰す時にぴったり。","Um pilão com almofariz bem gasto. Pesado e confiável — ideal quando algo precisa ser moído com cuidado e um pouco de força.","用旧的研钵和研杵。沉重可靠，适合在需要细致研磨时施展点力气。",
"STR_CookZPlants_FlourBag_DN","Flour","Flour","Mouka","Mehl","Мука","Mąka","Farina","Harina","Farine","面粉","小麦粉","Farinha","面粉",
"STR_CookZPlants_FlourBag_DS","A bag of flour. Dry, flavorless, and about as exciting as dirt—but surprisingly versatile. In a place like this, anything with this many uses feels almost valuable. Almost.","A bag of flour. Dry, flavorless, and about as exciting as dirt—but surprisingly versatile. In a place like this, anything with this many uses feels almost valuable. Almost.","Pytel mouky. Suchá, bez chuti a zábavná asi jako hlína – ale překvapivě univerzální. V tomhle světě je všechno, co má tolik využití, skoro cenné. Skoro.","Ein Sack Mehl. Trocken, geschmacklos und so spannend wie Erde – aber überraschend vielseitig. In einer Welt wie dieser fühlt sich so etwas fast wertvoll an. Fast.","Мешок муки. Сухая, безвкусная, и по интересности как грязь — но удивительно универсальная. В таких условиях всё, что можно использовать по-разному, почти ценность. Почти.","Worek mąki. Sucha, bez smaku i mniej ekscytująca niż kurz – ale zaskakująco wszechstronna. W tym świecie wszystko, co ma tyle zastosowań, jest prawie cenne. Prawie.","Un sacco di farina. Secca, insipida e interessante quanto la polvere – ma sorprendentemente versatile. In un mondo così, qualcosa con così tanti usi è quasi prezioso. Quasi.","Una bolsa de harina. Seca, sin sabor, y tan emocionante como el polvo—pero sorprendentemente versátil. En un lugar como este, algo con tantos usos casi parece valioso. Casi.","Un sac de farine. C’est sec, fade, et à peu près aussi excitant que de la poussière – mais étonnamment polyvalent. Dans un monde comme celui-ci, tout ce qui a autant d’usages semble presque précieux. Presque.","一袋面粉。干、无味、无聊得像尘土——但用途出奇地多。在这种地方，凡是能多用几次的东西，几乎都算是珍宝了。几乎。","小麦粉の袋。乾いてて、味もなく、土みたいに面白みはない——でも意外と使い道が多い。この世界では、それだけでもちょっとした価値がある。ちょっとだけね。","Um saco de farinha. Seca, sem gosto, e tão empolgante quanto poeira — mas surpreendentemente versátil. Num lugar como este, algo com tantos usos parece quase valioso. Quase.","一袋面粉。干、无味、无聊得像尘土——但用途出奇地多。在这种地方，凡是能多用几次的东西，几乎都算是珍宝了。几乎。",
"STR_CookZPlants_Dough_DN","Dough","Dough","Těsto","Teig","Тесто","Ciasto","Impasto","Masa","Pâte","面团","生地","Massa","面团",
"STR_CookZPlants_Dough_DS","Sticky, heavy, and weirdly alive. It’s not much now, but with heat, luck, and lowered expectations, it might just become food.","Sticky, heavy, and weirdly alive. It’s not much now, but with heat, luck, and lowered expectations, it might just become food.","Lepivé, těžké a trochu jako živé. Zatím nic moc, ale s trochou tepla, štěstí a nízkými nároky se z toho možná stane jídlo.","Klebrig, schwer und irgendwie lebendig. Im Moment nicht viel – aber mit Hitze, Glück und niedrigen Erwartungen wird vielleicht etwas Essbares draus.","Липкое, тяжёлое и подозрительно живое. Пока не впечатляет — но с жаром, удачей и заниженными ожиданиями может превратиться в еду.","Lepkie, ciężkie i dziwnie żywe. Teraz nie wygląda najlepiej, ale z odrobiną ciepła, szczęścia i niskich oczekiwań — może się uda.","Appiccicoso, pesante e stranamente vivo. Al momento non è granché, ma con un po’ di calore, fortuna e aspettative basse… potrebbe diventare cibo.","Pegajosa, pesada y algo viva. Por ahora no promete mucho, pero con calor, suerte y expectativas bajas, puede que se convierta en comida.","Collante, lourde, et un peu vivante. Pour l’instant, ce n’est pas fameux – mais avec de la chaleur, un peu de chance et des attentes modestes, ça pourrait devenir mangeable.","又黏又重，还有点像活的。现在没啥看头，但加点火、点点运气，再放低点期待，也许真能吃。","ベタベタして重くて、なぜか生きてる感じがする。今はただの塊。でも、火と運と期待値の低さがあれば、食べ物になるかも。","Pegajosa, pesada e estranhamente viva. Por agora, não é grande coisa — mas com calor, sorte e expectativas baixas, pode até virar comida.","又黏又重，还有点像活的。现在没啥看头，但加点火、点点运气，再放低点期待，也许真能吃。",
"STR_CookZPlants_PierogiBox_DN","Pierogi","Pierogi","Pirohy","Pierogi","Пироги","Pierogi","Pierogi","Pierogi","Pierogi","皮罗格","ピエロギ","Pierogi","皮罗格",
"STR_CookZPlants_PierogiBox_DS","Warm, doughy, and suspiciously filling. Pierogi may not answer what’s inside them—but out here, you’re better off not asking.","Warm, doughy, and suspiciously filling. Pierogi may not answer what’s inside them—but out here, you’re better off not asking.","Teplé, těstovité a podezřele syté. Pierogi ti nepoví, co je uvnitř – ale tady venku je lepší to stejně nevědět.","Warm, teigig und überraschend sättigend. Pierogi geben keine Antwort auf ihren Inhalt – aber hier draußen ist es besser, das auch nicht zu wissen.","Тёплые, мягкие и подозрительно сытные. Что внутри пирогов — остаётся тайной. И, честно говоря, так даже лучше.","Ciepłe, miękkie i podejrzanie sycące. Co jest w środku? Lepiej nie pytać – szczególnie tutaj.","Caldi, pastosi e stranamente sazianti. I pierogi non diranno cosa c’è dentro – ma in questo mondo, meglio così.","Calientes, blandos y extrañamente saciantes. Los pierogi no explican qué llevan dentro, y en este lugar… mejor así.","Chaud, moelleux et étrangement nourrissant. Les pierogi ne disent pas ce qu'ils contiennent – et c’est peut-être mieux comme ça.","温热、软糯、意外地顶饱。至于里面是什么？在这种地方，还是别问为好。","あたたかくて、もちもちしてて、妙に満腹感がある。中身？…この世界では聞かないほうがいい。","Quente, macio e estranhamente satisfatório. Pierogi não revelam o recheio – e por aqui, é melhor assim.","温热、软糯、意外地顶饱。至于里面是什么？在这种地方，还是别问为好。",
"STR_CookZPlants_PierogiBox_Opened_DS","Warm, doughy, and suspiciously filling. Pierogi may not answer what’s inside them—but out here, you’re better off not asking. Eat up before it spoils.","Warm, doughy, and suspiciously filling. Pierogi may not answer what’s inside them—but out here, you’re better off not asking. Eat up before it spoils.","Teplé, těstovité a podezřele syté. Pierogi ti nepoví, co je uvnitř – ale tady venku je lepší to stejně nevědět. Snězte to, než se zkazí.","Warm, teigig und überraschend sättigend. Pierogi geben keine Antwort auf ihren Inhalt – aber hier draußen ist es besser, das auch nicht zu wissen. Nach dem Öffnen rasch verzehren.","Тёплые, мягкие и подозрительно сытные. Что внутри пирогов — остаётся тайной. И, честно говоря, так даже лучше. Съешьте, пока не испортилось.","Ciepłe, miękkie i podejrzanie sycące. Co jest w środku? Lepiej nie pytać – szczególnie tutaj. Zjedz, zanim się zepsuje.","Caldi, pastosi e stranamente sazianti. I pierogi non diranno cosa c’è dentro – ma in questo mondo, meglio così. Mangia prima che vada a male.","Calientes, blandos y extrañamente saciantes. Los pierogi no explican qué llevan dentro, y en este lugar… mejor así. Cómelo antes de que se estropee.","Chaud, moelleux et étrangement nourrissant. Les pierogi ne disent pas ce qu'ils contiennent – et c’est peut-être mieux comme ça. Mangez avant que cela ne soit périmé.","温热、软糯、意外地顶饱。至于里面是什么？在这种地方，还是别问为好。 在变质之前吃掉。","あたたかくて、もちもちしてて、妙に満腹感がある。中身？…この世界では聞かないほうがいい。 腐る前に食べてください。","Quente, macio e estranhamente satisfatório. Pierogi não revelam o recheio – e por aqui, é melhor assim. Coma antes que estrague.","温热、软糯、意外地顶饱。至于里面是什么？在这种地方，还是别问为好。 在变质之前吃掉。",
"STR_CookZPlants_CookingPlants","Wheat-Based Recipes","Wheat-Based Recipes","Recepty z pšenice","Weizen-Rezepte","Рецепты из пшеницы","Przepisy z pszenicy","Ricette a base di grano","Recetas con trigo","Recettes à base de blé","小麦料理","小麦を使ったレシピ","Receitas com trigo","小麦料理",
"STR_CookZPlants_CookingInstructions","Find <b>wheat seeds</b> and plant them to harvest <b>wheat ears.</b> Craft a <b>mortar and pestle</b> from a <b>large stone</b> using a <b>hammer.</b> Use the mortar and pestle to grind the <b>wheat ears</b> into <b>flour.</b> Knead <b>flour</b> and <b>water</b> into <b>dough</b> and use it in recipes.","Find <b>wheat seeds</b> and plant them to harvest <b>wheat ears.</b> Craft a <b>mortar and pestle</b> from a <b>large stone</b> using a <b>hammer.</b> Use the mortar and pestle to grind the <b>wheat ears</b> into <b>flour.</b> Knead <b>flour</b> and <b>water</b> into <b>dough</b> and use it in recipes.","Najdi <b>pšeničná semena</b> a zasaď je, abys sklidil <b>pšeničné klasy.</b> Vyrob <b>hmoždíř a tlouk</b> z <b>velkého kamene</b> pomocí <b>kladiva.</b> Rozemel <b>pšeničné klasy</b> na <b>mouku.</b> Z <b>mouky</b> a <b>vody</b> uhněť <b>těsto</b> a použij ho v receptech.","Finde <b>Weizensamen</b> und pflanze sie, um <b>Weizenähren</b> zu ernten. Stelle einen <b>Mörser und Stößel</b> aus einem <b>großen Stein</b> mit einem <b>Hammer</b> her. Zermahle die <b>Weizenähren</b> zu <b>Mehl.</b> Verknete <b>Mehl</b> mit <b>Wasser</b> zu <b>Teig</b> und verwende ihn in Rezepten.","Найди <b>семена пшеницы</b> и посей их, чтобы получить <b>колосья пшеницы.</b> Создай <b>ступку с пестиком</b> из <b>большого камня</b> с помощью <b>молота.</b> Измельчи <b>колосья</b> в <b>муку.</b> Замеси <b>муку</b> с <b>водой</b> в <b>тесто</b> и используй его в рецептах.","Znajdź <b>nasiona pszenicy</b> i posadź je, aby zebrać <b>kłosy pszenicy.</b> Wykonaj <b>moździerz z tłuczkiem</b> z <b>dużego kamienia</b> za pomocą <b>młotka.</b> Zmiel <b>kłosy</b> na <b>mąkę.</b> Zagnieć <b>mąkę</b> z <b>wodą</b> w <b>ciasto</b> i użyj w przepisach.","Trova <b>semi di grano</b> e piantali per raccogliere <b>spighe di grano.</b> Crea un <b>mortaio con pestello</b> da una <b>grossa pietra</b> usando un <b>martello.</b> Usa il mortaio per macinare le <b>spighe</b> in <b>farina.</b> Impasta <b>farina</b> e <b>acqua</b> per ottenere <b>impasto</b> e usalo nelle ricette.","Encuentra <b>semillas de trigo</b> y plántalas para cosechar <b>espigas de trigo.</b> Fabrica un <b>mortero con mano</b> con una <b>piedra grande</b> usando un <b>martillo.</b> Usa el mortero para moler las <b>espigas</b> en <b>harina.</b> Amasa <b>harina</b> y <b>agua</b> para hacer <b>masa</b> y úsala en recetas.","Trouve des <b>graines de blé</b> et plante-les pour récolter des <b>épis de blé.</b> Fabrique un <b>mortier avec pilon</b> à partir d’une <b>grosse pierre</b> avec un <b>marteau.</b> Utilise-le pour moudre les <b>épis</b> en <b>farine.</b> Pétris <b>farine</b> et <b>eau</b> en <b>pâte</b> et utilise-la dans les recettes.","找到 <b>小麦种子</b> 并将其种下以收获 <b>小麦穗</b>。使用 <b>锤子</b> 敲打 <b>大石头</b> 制作 <b>研钵和研杵</b>。用它将 <b>小麦穗</b> 磨成 <b>面粉</b>。将 <b>面粉</b> 与 <b>水</b> 揉成 <b>面团</b>，然后用于食谱中。","<b>小麦の種</b> を見つけて植え、<b>小麦の穂</b> を収穫する。<b>大きな石</b> を <b>ハンマー</b> で使って <b>すり鉢とすりこぎ</b> を作る。<b>小麦の穂</b> を <b>小麦粉</b> に粉砕し、<b>小麦粉</b> と <b>水</b> をこねて <b>生地</b> を作り、レシピに使う。","Encontre <b>sementes de trigo</b> e plante para colher <b>espigas de trigo.</b> Crie um <b>pilão com almofariz</b> a partir de uma <b>pedra grande</b> usando um <b>martelo.</b> Use-o para moer as <b>espigas</b> em <b>farinha.</b> Amasse <b>farinha</b> com <b>água</b> para formar <b>massa</b> e use-a em receitas.","找到 <b>小麦种子</b> 并将其种下以收获 <b>小麦穗</b>。使用 <b>锤子</b> 敲打 <b>大石头</b> 制作 <b>研钵和研杵</b>，将 <b>小麦穗</b> 磨成 <b>面粉</b>。将 <b>面粉</b> 与 <b>水</b> 揉成 <b>面团</b>，然后用于食谱中。",
"STR_CookZPlants_Dishes","Dishes","Dishes","Jídla","Gerichte","Блюда","Dania","Piatti","Platos","Plats","菜肴","料理","Pratos","菜肴",
"STR_CookZPlants_UseMortarAndPestle","Grind","Grind","Rozemel","Mahle","Измельчи","Zmień","Maci­na","Muele","Broie","研磨","すりつぶせ","Moer","研磨",
"STR_CookZPlants_KneadDough","Knead Dough","Knead Dough","Uhněť těsto","Knete Teig","Замеси тесто","Zagnieć ciasto","Impasta","Amasa","Pétris la pâte","揉面团","生地をこねろ","Sova a massa","揉面团",
"STR_CookZPlants_MargheritaPizza_DN","Margherita Pizza","Margherita Pizza","Pizza Margherita","Pizza Margherita","Пицца Маргарита","Pizza Margherita","Pizza Margherita","Pizza Margherita","Pizza Margherita","玛格丽塔披萨","マルゲリータピザ","Pizza Margherita","玛格丽塔披萨",
"STR_CookZPlants_MargheritaPizza_DS","A basic pizza with tomato and cheese. It’s simple, but it's food. In a world where most meals are canned or barely edible, this feels like a real meal.","A basic pizza with tomato and cheese. It’s simple, but it's food. In a world where most meals are canned or barely edible, this feels like a real meal.","Jednoduchá pizza s rajčaty a sýrem. Je to základní, ale je to jídlo. V světě, kde většina jídel jsou konzervy nebo sotva jedlé, tohle je pořád jídlo.","Eine einfache Pizza mit Tomaten und Käse. Es ist einfach, aber es ist Nahrung. In einer Welt, in der die meisten Mahlzeiten aus Dosen oder kaum genießbar sind, fühlt sich das wie eine richtige Mahlzeit an.","Простая пицца с помидорами и сыром. Это просто, но это еда. В мире, где большинство приёмов пищи — это консервы или едва съедобное, это всё-таки полноценный прием пищи.","Prosta pizza z pomidorami i serem. Jest prosta, ale to wciąż jedzenie. W świecie, gdzie większość posiłków to konserwy lub ledwo jadalne rzeczy, to jest prawdziwy posiłek.","Una pizza semplice con pomodori e formaggio. È semplice, ma è cibo. In un mondo dove la maggior parte dei pasti sono in scatola o difficili da mangiare, questa sembra una vera cena.","Una pizza simple con tomate y queso. Es sencilla, pero es comida. En un mundo donde la mayoría de las comidas son enlatadas o apenas comestibles, esto se siente como una comida de verdad.","Une pizza simple avec tomates et fromage. C’est basique, mais c’est de la nourriture. Dans un monde où la plupart des repas sont en conserve ou à peine mangeables, cela ressemble à un vrai repas.","简单的披萨，配有番茄和奶酪。很基础，但至少能吃。在这个大多数食物是罐头或几乎无法食用的地方，这感觉像一顿正餐。","トマトとチーズを載せたシンプルなピザ。シンプルだが、食べられるものだ。ほとんどの食事が缶詰か食べるに耐えないものである世界では、これは本物の食事のように感じる。","Uma pizza simples com tomate e queijo. É simples, mas é comida. Em um mundo onde a maioria das refeições são enlatadas ou quase intragáveis, isso parece uma refeição de verdade.","简单的披萨，配有番茄和奶酪。很基础，但至少能吃。在这个大多数食物是罐头或几乎无法食用的地方，这感觉像一顿正餐。",
"STR_CookZPlants_MargheritaPizza_Opened_DS","A basic pizza with tomato and cheese. It’s simple, but it's food. In a world where most meals are canned or barely edible, this feels like a real meal. Eat up before it spoils.","A basic pizza with tomato and cheese. It’s simple, but it's food. In a world where most meals are canned or barely edible, this feels like a real meal. Eat up before it spoils.","Jednoduchá pizza s rajčaty a sýrem. Je to základní, ale je to jídlo. V světě, kde většina jídel jsou konzervy nebo sotva jedlé, tohle je pořád jídlo. Snězte to, než se zkazí.","Eine einfache Pizza mit Tomaten und Käse. Es ist einfach, aber es ist Nahrung. In einer Welt, in der die meisten Mahlzeiten aus Dosen oder kaum genießbar sind, fühlt sich das wie eine richtige Mahlzeit an. Nach dem Öffnen rasch verzehren.","Простая пицца с помидорами и сыром. Это просто, но это еда. В мире, где большинство приёмов пищи — это консервы или едва съедобное, это всё-таки полноценный прием пищи. Съешьте, пока не испортилось.","Prosta pizza z pomidorami i serem. Jest prosta, ale to wciąż jedzenie. W świecie, gdzie większość posiłków to konserwy lub ledwo jadalne rzeczy, to jest prawdziwy posiłek. Zjedz, zanim się zepsuje.","Una pizza semplice con pomodori e formaggio. È semplice, ma è cibo. In un mondo dove la maggior parte dei pasti sono in scatola o difficili da mangiare, questa sembra una vera cena. Mangia prima che vada a male.","Una pizza simple con tomate y queso. Es sencilla, pero es comida. En un mundo donde la mayoría de las comidas son enlatadas o apenas comestibles, esto se siente como una comida de verdad. Cómelo antes de que se estropee.","Une pizza simple avec tomates et fromage. C’est basique, mais c’est de la nourriture. Dans un monde où la plupart des repas sont en conserve ou à peine mangeables, cela ressemble à un vrai repas. Mangez avant que cela ne soit périmé.","简单的披萨，配有番茄和奶酪。很基础，但至少能吃。在这个大多数食物是罐头或几乎无法食用的地方，这感觉像一顿正餐。 在变质之前吃掉。","トマトとチーズを載せたシンプルなピザ。シンプルだが、食べられるものだ。ほとんどの食事が缶詰か食べるに耐えないものである世界では、これは本物の食事のように感じる。 腐る前に食べてください。","Uma pizza simples com tomate e queijo. É simples, mas é comida. Em um mundo onde a maioria das refeições são enlatadas ou quase intragáveis, isso parece uma refeição de verdade. Coma antes que estrague.","简单的披萨，配有番茄和奶酪。很基础，但至少能吃。在这个大多数食物是罐头或几乎无法食用的地方，这感觉像一顿正餐。 在变质之前吃掉。",
"STR_CookZPlants_PepperoniPizza_DN","Pepperoni Pizza","Pepperoni Pizza","Pizza se salámem","Salamipizza","Пицца с пепперони","Pizza pepperoni","Pizza con salame","Pizza con pepperoni","Pizza au salami","意大利香肠披萨","ペパロニピザ","Pizza de pepperoni","意大利香肠披萨",
"STR_CookZPlants_PepperoniPizza_DS","A pizza topped with pepperoni and cheese. It’s greasy, but it’s filling. In a place where decent food is rare, this is a welcome change from the usual scraps.","A pizza topped with pepperoni and cheese. It’s greasy, but it’s filling. In a place where decent food is rare, this is a welcome change from the usual scraps.","Pizza s plátky salámu a sýrem. Je mastná, ale zasytí. V místě, kde slušné jídlo je vzácnost, je to vítaná změna od běžných zbytků.","Eine Pizza mit Salami und Käse. Sie ist fettig, aber sättigend. In einer Welt, in der anständiges Essen selten ist, ist dies eine willkommene Abwechslung von den üblichen Resten.","Пицца с пепперони и сыром. Она жирная, но сытная. В мире, где нормальная еда — редкость, это приятное разнообразие от привычных остатков.","Pizza z pepperoni i serem. Tłusta, ale sycąca. W miejscu, gdzie porządne jedzenie to rzadkość, to miła odmiana od zwykłych resztek.","Una pizza con salame e formaggio. È unta, ma sazia. In un posto dove il cibo decente è raro, questa è una piacevole alternativa ai soliti avanzi.","Una pizza con pepperoni y queso. Es grasosa, pero llena. En un lugar donde la comida decente escasea, esto es un cambio bienvenido de los restos habituales.","Une pizza avec salami et fromage. C’est gras, mais c’est nourrissant. Dans un endroit où la nourriture décente est rare, c’est un changement bienvenu par rapport aux restes habituels.","一款配有意大利香肠和奶酪的披萨。虽然油腻，但能填饱肚子。在一个优质食物稀缺的地方，这种食物比常见的残羹冷炙要好得多。","ペパロニとチーズが乗ったピザ。脂っこいけれど、満腹感はある。まともな食べ物が稀な場所では、いつもの残り物からの嬉しい変化だ。","Uma pizza com pepperoni e queijo. É gordurosa, mas satisfaz. Em um lugar onde comida decente é rara, isso é uma boa mudança dos restos habituais.","一款配有意大利香肠和奶酪的披萨。虽然油腻，但能填饱肚子。在一个优质食物稀缺的地方，这种食物比常见的残羹冷炙要好得多。",
"STR_CookZPlants_PepperoniPizza_Opened_DS","A pizza topped with pepperoni and cheese. It’s greasy, but it’s filling. In a place where decent food is rare, this is a welcome change from the usual scraps. Eat up before it spoils.","A pizza topped with pepperoni and cheese. It’s greasy, but it’s filling. In a place where decent food is rare, this is a welcome change from the usual scraps. Eat up before it spoils.","Pizza s plátky salámu a sýrem. Je mastná, ale zasytí. V místě, kde slušné jídlo je vzácnost, je to vítaná změna od běžných zbytků. Snězte to, než se zkazí.","Eine Pizza mit Salami und Käse. Sie ist fettig, aber sättigend. In einer Welt, in der anständiges Essen selten ist, ist dies eine willkommene Abwechslung von den üblichen Resten. Nach dem Öffnen rasch verzehren.","Пицца с пепперони и сыром. Она жирная, но сытная. В мире, где нормальная еда — редкость, это приятное разнообразие от привычных остатков. Съешьте, пока не испортилось.","Pizza z pepperoni i serem. Tłusta, ale sycąca. W miejscu, gdzie porządne jedzenie to rzadkość, to miła odmiana od zwykłych resztek. Zjedz, zanim się zepsuje.","Una pizza con salame e formaggio. È unta, ma sazia. In un posto dove il cibo decente è raro, questa è una piacevole alternativa ai soliti avanzi. Mangia prima che vada a male.","Una pizza con pepperoni y queso. Es grasosa, pero llena. En un lugar donde la comida decente escasea, esto es un cambio bienvenido de los restos habituales. Cómelo antes de que se estropee.","Une pizza avec salami et fromage. C’est gras, mais c’est nourrissant. Dans un endroit où la nourriture décente est rare, c’est un changement bienvenu par rapport aux restes habituels. Mangez avant que cela ne soit périmé.","一款配有意大利香肠和奶酪的披萨。虽然油腻，但能填饱肚子。在一个优质食物稀缺的地方，这种食物比常见的残羹冷炙要好得多。 在变质之前吃掉。","ペパロニとチーズが乗ったピザ。脂っこいけれど、満腹感はある。まともな食べ物が稀な場所では、いつもの残り物からの嬉しい変化だ。 腐る前に食べてください。","Uma pizza com pepperoni e queijo. É gordurosa, mas satisfaz. Em um lugar onde comida decente é rara, isso é uma boa mudança dos restos habituais. Coma antes que estrague.","一款配有意大利香肠和奶酪的披萨。虽然油腻，但能填饱肚子。在一个优质食物稀缺的地方，这种食物比常见的残羹冷炙要好得多。 在变质之前吃掉。",
"STR_CookZPlants_SeafoodPizza_DN","Seafood Pizza","Seafood Pizza","Pizza s mořskými plody","Meeresfrüchtepizza","Пицца с морепродуктами","Pizza z owocami morza","Pizza ai frutti di mare","Pizza de mariscos","Pizza aux fruits de mer","海鲜披萨","シーフードピザ","Pizza de frutos do mar","海鲜披萨",
"STR_CookZPlants_SeafoodPizza_DS","A pizza topped with a variety of seafood. A hearty, satisfying meal with the fresh taste of the ocean, offering a rich mix of flavors in each bite.","A pizza topped with a variety of seafood. A hearty, satisfying meal with the fresh taste of the ocean, offering a rich mix of flavors in each bite.","Pizza s mořskými plody. Syté, uspokojivé jídlo s čerstvou chutí oceánu, které nabízí bohatou směs chutí v každém kousku.","Eine Pizza mit Meeresfrüchten. Eine herzhafte, sättigende Mahlzeit mit dem frischen Geschmack des Ozeans und einer reichen Mischung aus Aromen in jedem Bissen.","Пицца с морепродуктами. Сытное, насыщающее блюдо с свежим вкусом океана, предлагающее богатое сочетание вкусов в каждом кусочке.","Pizza z owocami morza. Sycące i satysfakcjonujące danie z świeżym smakiem oceanu, oferujące bogatą mieszankę smaków w każdym kęsie.","Una pizza con frutti di mare. Un pasto sostanzioso e soddisfacente con il gusto fresco del mare, che offre un ricco mix di sapori in ogni morso.","Una pizza con mariscos. Una comida sustanciosa y satisfactoria con el sabor fresco del océano, ofreciendo una rica mezcla de sabores en cada bocado.","Une pizza avec des fruits de mer. Un repas copieux et satisfaisant avec la fraîcheur du goût de l'océan, offrant un riche mélange de saveurs à chaque bouchée.","一款配有海鲜的披萨。丰盛且令人满足的餐点，带来海洋的鲜美味道，每一口都充满了丰富的风味。","海の幸が乗ったピザ。豊かで満足感のある食事で、海の新鮮な味わいが楽しめ、一口ごとに豊かな風味が広がります。","Uma pizza com frutos do mar. Uma refeição substancial e satisfatória com o sabor fresco do oceano, oferecendo uma rica mistura de sabores a cada mordida.","一款配有海鲜的披萨。丰盛且令人满足的餐点，带来海洋的鲜美味道，每一口都充满了丰富的风味。",
"STR_CookZPlants_SeafoodPizza_Opened_DS","A pizza topped with a variety of seafood. A hearty, satisfying meal with the fresh taste of the ocean, offering a rich mix of flavors in each bite. Eat up before it spoils.","A pizza topped with a variety of seafood. A hearty, satisfying meal with the fresh taste of the ocean, offering a rich mix of flavors in each bite. Eat up before it spoils.","Pizza s mořskými plody. Syté, uspokojivé jídlo s čerstvou chutí oceánu, které nabízí bohatou směs chutí v každém kousku. Snězte to, než se zkazí.","Eine Pizza mit Meeresfrüchten. Eine herzhafte, sättigende Mahlzeit mit dem frischen Geschmack des Ozeans und einer reichen Mischung aus Aromen in jedem Bissen. Nach dem Öffnen rasch verzehren.","Пицца с морепродуктами. Сытное, насыщающее блюдо с свежим вкусом океана, предлагающее богатое сочетание вкусов в каждом кусочке. Съешьте, пока не испортилось.","Pizza z owocami morza. Sycące i satysfakcjonujące danie z świeżym smakiem oceanu, oferujące bogatą mieszankę smaków w każdym kęsie. Zjedz, zanim się zepsuje.","Una pizza con frutti di mare. Un pasto sostanzioso e soddisfacente con il gusto fresco del mare, che offre un ricco mix di sapori in ogni morso. Mangia prima che vada a male.","Una pizza con mariscos. Una comida sustanciosa y satisfactoria con el sabor fresco del océano, ofreciendo una rica mezcla de sabores en cada bocado. Cómelo antes de que se estropee.","Une pizza avec des fruits de mer. Un repas copieux et satisfaisant avec la fraîcheur du goût de l'océan, offrant un riche mélange de saveurs à chaque bouchée. Mangez avant que cela ne soit périmé.","一款配有海鲜的披萨。丰盛且令人满足的餐点，带来海洋的鲜美味道，每一口都充满了丰富的风味。 在变质之前吃掉。","海の幸が乗ったピザ。豊かで満足感のある食事で、海の新鮮な味わいが楽しめ、一口ごとに豊かな風味が広がります。 腐る前に食べてください。","Uma pizza com frutos do mar. Uma refeição substancial e satisfatória com o sabor fresco do oceano, oferecendo uma rica mistura de sabores a cada mordida. Coma antes que estrague.","一款配有海鲜的披萨。丰盛且令人满足的餐点，带来海洋的鲜美味道，每一口都充满了丰富的风味。 在变质之前吃掉。",
"STR_CookZPlants_VegetablePizza_DN","Vegetable Pizza","Vegetable Pizza","Zeleninová pizza","Gemüsepizza","Овощная пицца","Pizza warzywna","Pizza vegetariana","Pizza de verduras","Pizza végétarienne","素食披萨","野菜ピザ","Pizza de vegetais","素食披萨",
"STR_CookZPlants_VegetablePizza_DS","A vegetable pizza, a rare meal in a world where fresh ingredients are hard to come by. When you manage to make one, it's a rewarding, satisfying experience.","A vegetable pizza, a rare meal in a world where fresh ingredients are hard to come by. When you manage to make one, it's a rewarding, satisfying experience.","Zeleninová pizza, vzácné jídlo ve světě, kde jsou čerstvé ingredience těžko dostupné. Když se podaří ji připravit, je to odměňující a uspokojivý zážitek.","Eine Gemüsepizza, eine seltene Mahlzeit in einer Welt, in der frische Zutaten schwer zu finden sind. Wenn es gelingt, eine zu machen, ist es ein lohnendes und zufriedenstellendes Erlebnis.","Овощная пицца — редкое блюдо в мире, где свежие ингредиенты трудно достать. Когда удается приготовить такую пиццу, это сытное и удовлетворяющее занятие.","Pizza warzywna, rzadkie danie w świecie, gdzie świeże składniki są trudne do zdobycia. Kiedy uda się ją przygotować, to satysfakcjonujące i pełne zadowolenia doświadczenie.","Una pizza vegetariana, un pasto raro in un mondo dove gli ingredienti freschi sono difficili da trovare. Quando riesci a prepararla, è un'esperienza gratificante e soddisfacente.","Una pizza de verduras, una comida rara en un mundo donde los ingredientes frescos son difíciles de conseguir. Cuando logras hacerla, es una experiencia gratificante y satisfactoria.","Une pizza végétarienne, un repas rare dans un monde où les ingrédients frais sont difficiles à obtenir. Lorsqu'on parvient à la préparer, c'est une expérience gratifiante et satisfaisante.","一款蔬菜披萨，在一个新鲜食材难以获得的世界里是一道罕见的美食。当你成功制作出来时，这将是一次值得回报且令人满足的体验。","新鮮な食材が手に入りにくい世界で、珍しい野菜ピザ。作ることができれば、それは満足感を与えてくれる特別な経験です。","Uma pizza de vegetais, uma refeição rara em um mundo onde os ingredientes frescos são difíceis de encontrar. Quando você consegue prepará-la, é uma experiência gratificante e satisfatória.","一款蔬菜披萨，在一个新鲜食材难以获得的世界里是一道罕见的美食。当你成功制作出来时，这将是一次值得回报且令人满足的体验。",
"STR_CookZPlants_VegetablePizza_Opened_DS","A vegetable pizza, a rare meal in a world where fresh ingredients are hard to come by. When you manage to make one, it's a rewarding, satisfying experience. Eat up before it spoils.","A vegetable pizza, a rare meal in a world where fresh ingredients are hard to come by. When you manage to make one, it's a rewarding, satisfying experience. Eat up before it spoils.","Zeleninová pizza, vzácné jídlo ve světě, kde jsou čerstvé ingredience těžko dostupné. Když se podaří ji připravit, je to odměňující a uspokojivý zážitek. Snězte to, než se zkazí.","Eine Gemüsepizza, eine seltene Mahlzeit in einer Welt, in der frische Zutaten schwer zu finden sind. Wenn es gelingt, eine zu machen, ist es ein lohnendes und zufriedenstellendes Erlebnis. Nach dem Öffnen rasch verzehren.","Овощная пицца — редкое блюдо в мире, где свежие ингредиенты трудно достать. Когда удается приготовить такую пиццу, это сытное и удовлетворяющее занятие. Съешьте, пока не испортилось.","Pizza warzywna, rzadkie danie w świecie, gdzie świeże składniki są trudne do zdobycia. Kiedy uda się ją przygotować, to satysfakcjonujące i pełne zadowolenia doświadczenie. Zjedz, zanim się zepsuje.","Una pizza vegetariana, un pasto raro in un mondo dove gli ingredienti freschi sono difficili da trovare. Quando riesci a prepararla, è un'esperienza gratificante e soddisfacente. Mangia prima che vada a male.","Una pizza de verduras, una comida rara en un mundo donde los ingredientes frescos son difíciles de conseguir. Cuando logras hacerla, es una experiencia gratificante y satisfactoria. Cómelo antes de que se estropee.","Une pizza végétarienne, un repas rare dans un monde où les ingrédients frais sont difficiles à obtenir. Lorsqu'on parvient à la préparer, c'est une expérience gratifiante et satisfaisante. Mangez avant que cela ne soit périmé.","一款蔬菜披萨，在一个新鲜食材难以获得的世界里是一道罕见的美食。当你成功制作出来时，这将是一次值得回报且令人满足的体验。 在变质之前吃掉。","新鮮な食材が手に入りにくい世界で、珍しい野菜ピザ。作ることができれば、それは満足感を与えてくれる特別な経験です。 腐る前に食べてください。","Uma pizza de vegetais, uma refeição rara em um mundo onde os ingredientes frescos são difíceis de encontrar. Quando você consegue prepará-la, é uma experiência gratificante e satisfatória. Coma antes que estrague.","一款蔬菜披萨，在一个新鲜食材难以获得的世界里是一道罕见的美食。当你成功制作出来时，这将是一次值得回报且令人满足的体验。 在变质之前吃掉。",
"STR_CookZPlants_MushroomPizza_DN","Mushroom Pizza","Mushroom Pizza","Houbová pizza","Pilzpizza","Пицца с грибами","Pizza grzybowa","Pizza ai funghi","Pizza de setas","Pizza aux champignons","蘑菇披萨","マッシュルームピザ","Pizza de cogumelos","蘑菇披萨",
"STR_CookZPlants_MushroomPizza_DS","A pizza topped with mushrooms, a hearty meal with earthy flavors. It requires patience to prepare, but the effort is rewarded with a satisfying and fulfilling dish.","A pizza topped with mushrooms, a hearty meal with earthy flavors. It requires patience to prepare, but the effort is rewarded with a satisfying and fulfilling dish.","Pizza s houbami, vydatné jídlo s houbovými chutěmi. Příprava vyžaduje trpělivost, ale úsilí se vyplatí v podobě uspokojivého a sytého pokrmu.","Eine Pizza mit Pilzen, eine gehaltvolle Mahlzeit mit erdigen Aromen. Die Zubereitung erfordert Geduld, doch der Aufwand wird mit einem befriedigenden und sättigenden Gericht belohnt.","Пицца с грибами — сытное блюдо с земляными вкусами. Для приготовления потребуется терпение, но усилия окупятся сытным и удовлетворяющим блюдом.","Pizza z grzybami, sycące danie o grzybowych smakach. Przygotowanie wymaga cierpliwości, ale wysiłek zostanie wynagrodzony satysfakcjonującym i sycącym posiłkiem.","Una pizza con funghi, un piatto sostanzioso con sapori terrosi. Richiede pazienza per essere preparata, ma l'impegno è ricompensato da un pasto soddisfacente e nutriente.","Una pizza con setas, una comida sustanciosa con sabores terrosos. Requiere paciencia para prepararla, pero el esfuerzo se ve recompensado con un plato satisfactorio y completo.","Une pizza aux champignons, un plat copieux aux saveurs terreuses. Elle demande de la patience pour être préparée, mais l'effort est récompensé par un repas satisfaisant et nourrissant.","一款蘑菇披萨，带有浓郁的土味，是一顿令人满足的餐点。虽然制作需要耐心，但最终回报的是一顿令人满意且充实的美食。","マッシュルームが乗ったピザ。土のような風味が感じられる、満足感のある食事です。準備には時間がかかりますが、その努力が報われる、満足感と充実感を与えてくれる一品です。","Uma pizza de cogumelos, uma refeição substancial com sabores terrosos. Requer paciência para ser preparada, mas o esforço vale a pena, resultando em um prato satisfatório e gratificante.","一款蘑菇披萨，带有浓郁的土味，是一顿令人满足的餐点。虽然制作需要耐心，但最终回报的是一顿令人满意且充实的美食。",
"STR_CookZPlants_MushroomPizza_Opened_DS","A pizza topped with mushrooms, a hearty meal with earthy flavors. It requires patience to prepare, but the effort is rewarded with a satisfying and fulfilling dish. Eat up before it spoils.","A pizza topped with mushrooms, a hearty meal with earthy flavors. It requires patience to prepare, but the effort is rewarded with a satisfying and fulfilling dish. Eat up before it spoils.","Pizza s houbami, vydatné jídlo s houbovými chutěmi. Příprava vyžaduje trpělivost, ale úsilí se vyplatí v podobě uspokojivého a sytého pokrmu. Snězte to, než se zkazí.","Eine Pizza mit Pilzen, eine gehaltvolle Mahlzeit mit erdigen Aromen. Die Zubereitung erfordert Geduld, doch der Aufwand wird mit einem befriedigenden und sättigenden Gericht belohnt. Nach dem Öffnen rasch verzehren.","Пицца с грибами — сытное блюдо с земляными вкусами. Для приготовления потребуется терпение, но усилия окупятся сытным и удовлетворяющим блюдом. Съешьте, пока не испортилось.","Pizza z grzybami, sycące danie o grzybowych smakach. Przygotowanie wymaga cierpliwości, ale wysiłek zostanie wynagrodzony satysfakcjonującym i sycącym posiłkiem. Zjedz, zanim się zepsuje.","Una pizza con funghi, un piatto sostanzioso con sapori terrosi. Richiede pazienza per essere preparata, ma l'impegno è ricompensato da un pasto soddisfacente e nutriente. Mangia prima che vada a male.","Una pizza con setas, una comida sustanciosa con sabores terrosos. Requiere paciencia para prepararla, pero el esfuerzo se ve recompensado con un plato satisfactorio y completo. Cómelo antes de que se estropee.","Une pizza aux champignons, un plat copieux aux saveurs terreuses. Elle demande de la patience pour être préparée, mais l'effort est récompensé par un repas satisfaisant et nourrissant. Mangez avant que cela ne soit périmé.","一款蘑菇披萨，带有浓郁的土味，是一顿令人满足的餐点。虽然制作需要耐心，但最终回报的是一顿令人满意且充实的美食。 在变质之前吃掉。","マッシュルームが乗ったピザ。土のような風味が感じられる、満足感のある食事です。準備には時間がかかりますが、その努力が報われる、満足感と充実感を与えてくれる一品です。 腐る前に食べてください。","Uma pizza de cogumelos, uma refeição substancial com sabores terrosos. Requer paciência para ser preparada, mas o esforço vale a pena, resultando em um prato satisfatório e gratificante. Coma antes que estrague.","一款蘑菇披萨，带有浓郁的土味，是一顿令人满足的餐点。虽然制作需要耐心，但最终回报的是一顿令人满意且充实的美食。 在变质之前吃掉。",
